,n_estimators,MAE,MSE,year,ws_1,temp_2,temp_1,average
0,100,3.872722095671982,24.0398034738041,0.016503045886706005,0.03591361179788809,0.026666243371853787,0.8261222393537664,0.09479485958978569
